[{"post-side-bar-1":["categories-2"],"post-side-bar-2":["custom_html-2"],"post-side-bar-3":["custom_html-3"],"post-side-bar-4":["custom_html-4"],"post-side-bar-5":["custom_html-5"],"footer-2":["custom_html-8"]},{"categories":{"2":{"title":"Categories","count":0,"hierarchical":0,"dropdown":0},"_multiwidget":1},"custom_html":{"2":{"title":"News letter","content":" <p>Enter your email below if you want to receive our newsletter<\/p>\r\n        <form action=\"http:\/\/tf.wpcheatsheet.net\/html\/marco\/contact.php\">\r\n            <input type=\"text\" placeholder=\"email address\">\r\n            <a class=\"button-cta\" href=\"#\">Subscribe<\/a>\r\n        <\/form>"},"3":{"title":"Recent Post","content":"<a href=\"#\" class=\"home-right-recent-post\">\r\n            <img src=\"http:\/\/localhost\/wp\/wp1\/wp-content\/uploads\/2024\/09\/home-recent-post-img-2.png\" alt=\"\">\r\n            <div class=\"home-right-post-text\">\r\n                <h4>Fashion in the Country<\/h4>\r\n                <span class=\"post-date\">October 22, 2016<\/span>\r\n            <\/div>\r\n        <\/a>\r\n        <a href=\"#\" class=\"home-right-recent-post\">\r\n            <img src=\"http:\/\/localhost\/wp\/wp1\/wp-content\/uploads\/2024\/09\/home-recent-post-img-1.png\" alt=\"\">\r\n            <div class=\"home-right-post-text\">\r\n                <h4>Travel in the Country<\/h4>\r\n                <span class=\"post-date\">October 23, 2016<\/span>\r\n            <\/div>\r\n        <\/a>\r\n        <a href=\"#\" class=\"home-right-recent-post\">\r\n            <img src=\"http:\/\/localhost\/wp\/wp1\/wp-content\/uploads\/2024\/09\/home-recent-post-img-4.png\" alt=\"\">\r\n            <div class=\"home-right-post-text\">\r\n                <h4>Click Awsome Photo<\/h4>\r\n                <span class=\"post-date\">October 24, 2016<\/span>\r\n            <\/div>\r\n        <\/a>\r\n        <a href=\"#\" class=\"home-right-recent-post\">\r\n            <img src=\"http:\/\/localhost\/wp\/wp1\/wp-content\/uploads\/2024\/09\/home-recent-post-img-3.png\" alt=\"\">\r\n            <div class=\"home-right-post-text\">\r\n                <h4>The best place<\/h4>\r\n                <span class=\"post-date\">October 25, 2016<\/span>\r\n            <\/div>\r\n        <\/a>"},"4":{"title":"Tags","content":"  <a class=\"home-tag\" href=\"#\">Travels<\/a>\r\n        <a class=\"home-tag\" href=\"#\">Photography<\/a>\r\n        <a class=\"home-tag\" href=\"#\">Creative<\/a>\r\n        <a class=\"home-tag\" href=\"#\">News<\/a>\r\n        <a class=\"home-tag\" href=\"#\">Business<\/a>\r\n        <a class=\"home-tag\" href=\"#\">Design<\/a>\r\n        <a class=\"home-tag\" href=\"#\">Experience<\/a>\r\n        <a class=\"home-tag\" href=\"#\">Adventures<\/a>"},"5":{"title":"","content":"<form action=\"#\">\r\n            <span><input type=\"text\" placeholder=\"Search...\"><i class=\"zmdi zmdi-search\"><\/i><\/span>\r\n        <\/form>"},"8":{"title":"","content":"<ul>\r\n            <li><a href=\"index-2.html\">Home<\/a><\/li>\r\n            <li><a href=\"about.html\">About<\/a><\/li>\r\n            <li><a href=\"travel.html\">Travel<\/a><\/li>\r\n            <li><a href=\"post-details.html\">Post Details<\/a><\/li>\r\n            <li><a href=\"gallery.html\">Gallery<\/a><\/li>\r\n            <li><a href=\"standard-post.html\">Post<\/a><\/li>\r\n            <li><a href=\"contact.html\">Contact<\/a><\/li>\r\n        <\/ul>"},"_multiwidget":1}}]